tweet,label,Id
"RT @seungweo: OP meet seungwoo, hangyul, and yuvin at starbucks and got their sign!!ü§ó ",0,1
"@WE_THE_BOYZ but first, starbucks he said",0,2
Moonpies are okay... but I like Starbucks more.,0,3
RT @that1mum: Was just woken up to a call from my child at school asking me to please bring her hot sauce cause she needs it for a presenta‚Ä¶,1,4
RT @AriDrennen: Remember the story about a Starbucks employee writing ‚Äúpig‚Äù on a coffee order for police officers? The employee who did it‚Ä¶,1,5
@WE_THE_BOYZ I was waiting for you to actually post a starbucks cup not gonna lie HAHAHA,0,6
"RT @bombanta: Starbucks putting my tweet in their stores 
https://t.co/bYmJZGKJi0 https://t.co/gk1fg8M06z",0,7
"@WE_THE_BOYZ Why is this me??? Finding the closest Starbucks in any place i go üòÇüòÇ

Enjoy Europe, love. I can‚Äôt wait‚Ä¶ https://t.co/MOuLD8IuL7",0,8
RT @AriDrennen: Remember the story about a Starbucks employee writing ‚Äúpig‚Äù on a coffee order for police officers? The employee who did it‚Ä¶,1,9
@WE_THE_BOYZ Aka starbucks,0,10
RT @lgbtqnation: Starbucks fired a trans manager after a cop complained on Facebook about her employee  https://t.co/EHUXmH3pRX,1,11
kevin starbucks boi,0,12
"RT @bombanta: Starbucks putting my tweet in their stores 
https://t.co/bYmJZGKJi0 https://t.co/gk1fg8M06z",0,13
"RT @bombanta: Starbucks putting my tweet in their stores 
https://t.co/bYmJZGKJi0 https://t.co/gk1fg8M06z",0,14
"RT @bombanta: Starbucks putting my tweet in their stores 
https://t.co/bYmJZGKJi0 https://t.co/gk1fg8M06z",0,15
"RT @bombanta: Starbucks putting my tweet in their stores 
https://t.co/bYmJZGKJi0 https://t.co/gk1fg8M06z",0,16
"RT @ChrisIsaak: ""San Francisco Days"" and ""5:15"" have been added to @Starbucks Coffeehouse playlist on @spotify! Take a listen and also hear‚Ä¶",0,17
If Kevin comes down to Australia imma give him my Starbucks card to get me some points for some free drinks HAHAHAHA,0,18
Guess whose getting a hot caramel macchiato from Starbucks in the morning üôà,0,19
"RT @bombanta: Starbucks putting my tweet in their stores 
https://t.co/bYmJZGKJi0 https://t.co/gk1fg8M06z",0,20
Just don't take her to starbucks if you never been there at the first place.,1,21
"RT @argumentwinner: not that anybody ever doubted me, but it turns out i was absolutely right about this and it was a plot to get someone f‚Ä¶",1,22
You literally had someone walk up to you to give you his number so you won,0,23
"I'm at Starbucks in Kuwait City, KUWAIT https://t.co/odf6JON88O",0,24
@JChapman1729 And yet the dude at Starbucks would still spell your name wrong.,1,25
"@WE_THE_BOYZ yikeees! Kevs, the new endorser for Starbucks üòÅ",0,26
RT @AriDrennen: Remember the story about a Starbucks employee writing ‚Äúpig‚Äù on a coffee order for police officers? The employee who did it‚Ä¶,1,27
"@WE_THE_BOYZ green mermaid aka starbucks, okay ü§£üòÇ",0,28
"RT @bombanta: Starbucks putting my tweet in their stores 
https://t.co/bYmJZGKJi0 https://t.co/gk1fg8M06z",0,29
@Crmblu I‚ÄôM IN A PUBLIC STARBUCKS PLEASE GIVE ME AN HOUR,1,30
"RT @bombanta: Starbucks putting my tweet in their stores 
https://t.co/bYmJZGKJi0 https://t.co/gk1fg8M06z",0,31
"RT @sayajualrumah: MRT Station : 5 min walking distance.

Amenities Nearby :
AEON Shopping Mall, Giant, Jusco, Speedmart, Pasar Borong Sela‚Ä¶",0,32
My natal chart report says this and this is mfing true because I always scout while my goal is to save.. Or when I‚Ä¶ https://t.co/fGnTikam5n,1,33
RT @aaliyahrndz: Buying me Starbucks will go a long way lmao,0,34
"I'm at Starbucks KL Eco City in Kuala Lumpur, KL https://t.co/6AP5C0n12e",0,35
"@WE_THE_BOYZ You ü§ù me
Starbucks",0,36
"RT @bombanta: Starbucks putting my tweet in their stores 
https://t.co/bYmJZGKJi0 https://t.co/gk1fg8M06z",0,37
New coffee shop aiming to launch here. Opening right next door to Starbucks. And over the road from Costa. And thir‚Ä¶ https://t.co/ktEkopFLYF,0,38
RT @AriDrennen: Remember the story about a Starbucks employee writing ‚Äúpig‚Äù on a coffee order for police officers? The employee who did it‚Ä¶,1,39
"RT @bombanta: Starbucks putting my tweet in their stores 
https://t.co/bYmJZGKJi0 https://t.co/gk1fg8M06z",0,40
"RT @bombanta: Starbucks putting my tweet in their stores 
https://t.co/bYmJZGKJi0 https://t.co/gk1fg8M06z",0,41
@WE_THE_BOYZ I might not be a Starbucks barista but I still work at a coffee shop üò™‚úäüèª,1,42
@SlimJim496 loves them ü§¢,0,43
RT @AriDrennen: Remember the story about a Starbucks employee writing ‚Äúpig‚Äù on a coffee order for police officers? The employee who did it‚Ä¶,1,44
"RT @bombanta: Starbucks putting my tweet in their stores 
https://t.co/bYmJZGKJi0 https://t.co/gk1fg8M06z",0,45
"RT @bombanta: Starbucks putting my tweet in their stores 
https://t.co/bYmJZGKJi0 https://t.co/gk1fg8M06z",0,46
"RT @Ninja: The girls at the Starbucks drive through asked for my name, I said Tyler. Pulled up and saw them talking and smiling and they wr‚Ä¶",1,47
"RT @bombanta: Starbucks putting my tweet in their stores 
https://t.co/bYmJZGKJi0 https://t.co/gk1fg8M06z",0,48
RT @Brandon__52: So Starbucks is in target and they said they might be out of honey If you don‚Äôt walk your ass down isle 9 and I done alrea‚Ä¶,1,49
RT @AriDrennen: Remember the story about a Starbucks employee writing ‚Äúpig‚Äù on a coffee order for police officers? The employee who did it‚Ä¶,1,50
"Check out Starbucks (Jeddah, Makkah) on @FoursquareGuide: https://t.co/UgeIskudrN https://t.co/zWR3srzgWc https://t.co/r5qemyPM4U",0,51
"RT @bombanta: Starbucks putting my tweet in their stores 
https://t.co/bYmJZGKJi0 https://t.co/gk1fg8M06z",0,52
i will literally buy you a starbucks building if you want it,0,53
"RT @bombanta: Starbucks putting my tweet in their stores 
https://t.co/bYmJZGKJi0 https://t.co/gk1fg8M06z",0,54
"RT @Ninja: The girls at the Starbucks drive through asked for my name, I said Tyler. Pulled up and saw them talking and smiling and they wr‚Ä¶",1,55
"which one would you order? üçí

#threads #starbucks #explorepage #aesthetic #drink #starbuckssecretmenu #secret #menu‚Ä¶ https://t.co/EvYQdXg73E",0,56
"RT @Ninja: The girls at the Starbucks drive through asked for my name, I said Tyler. Pulled up and saw them talking and smiling and they wr‚Ä¶",1,57
RT @AriDrennen: Remember the story about a Starbucks employee writing ‚Äúpig‚Äù on a coffee order for police officers? The employee who did it‚Ä¶,1,58
@seungcobie @WE_THE_BOYZ I SWEAR HE CAN'T GO ANYWHERE WITHOUT DRINKING STARBUCKS,0,59
"RT @bombanta: Starbucks putting my tweet in their stores 
https://t.co/bYmJZGKJi0 https://t.co/gk1fg8M06z",0,60
"RT @LoreTohsaka: @latewithlilly @NBCUSocialSynch @Starbucks Oh wow, this was so damn cringy lmaooo",1,61
RT @d3gonzo: @latewithlilly @NBCUSocialSynch @Starbucks Watch me attempt to work a customer service job. Riveting content...,0,62
RT @latewithlilly: Lilly decided to take the day off from hosting #LateWithLilly and learn what it takes to be a @Starbucks barista! ‚òïÔ∏è #ad‚Ä¶,0,63
A boo who gonna support me being a starbucks addict and take me when I want&gt;&gt;,0,64
"RT @bombanta: Starbucks putting my tweet in their stores 
https://t.co/bYmJZGKJi0 https://t.co/gk1fg8M06z",0,65
top 10 questions to ask my college: how do we both have a Starbucks and a Costa cafe when we're the size of a very large highschool?,0,66
"RT @bombanta: Starbucks putting my tweet in their stores 
https://t.co/bYmJZGKJi0 https://t.co/gk1fg8M06z",0,67
@WE_THE_BOYZ @_larynn_ every starbucks he probably tried,0,68
"RT @Cocoa_Bean10: Now do Muslim religious greetings comrade McPipsqueak

 ... Drinking Barney‚Äôs coffee while I wait https://t.co/joCtZmaQwM",0,69
"I'm at Starbucks in Jeddah, Makkah https://t.co/Uesfg5WO8n https://t.co/29P6lzU6i0",0,70
"RT @bombanta: Starbucks putting my tweet in their stores 
https://t.co/bYmJZGKJi0 https://t.co/gk1fg8M06z",0,71
"RT @bombanta: Starbucks putting my tweet in their stores 
https://t.co/bYmJZGKJi0 https://t.co/gk1fg8M06z",0,72
RT @AriDrennen: Remember the story about a Starbucks employee writing ‚Äúpig‚Äù on a coffee order for police officers? The employee who did it‚Ä¶,1,73
"RT @bombanta: Starbucks putting my tweet in their stores 
https://t.co/bYmJZGKJi0 https://t.co/gk1fg8M06z",0,74
"RT @bombanta: Starbucks putting my tweet in their stores 
https://t.co/bYmJZGKJi0 https://t.co/gk1fg8M06z",0,75
RT @AriDrennen: Remember the story about a Starbucks employee writing ‚Äúpig‚Äù on a coffee order for police officers? The employee who did it‚Ä¶,1,76
@whippedforkev @WE_THE_BOYZ starbucks is constantly coursing through his veins,1,77
"RT @argumentwinner: not that anybody ever doubted me, but it turns out i was absolutely right about this and it was a plot to get someone f‚Ä¶",1,78
also me walking into starbucks with a bunch of greggs doughnuts for a coffee although i couldve got one for mad che‚Ä¶ https://t.co/BO1EVPkuz6,0,79
"RT @bombanta: Starbucks putting my tweet in their stores 
https://t.co/bYmJZGKJi0 https://t.co/gk1fg8M06z",0,80
RT @AriDrennen: Remember the story about a Starbucks employee writing ‚Äúpig‚Äù on a coffee order for police officers? The employee who did it‚Ä¶,1,81
the way im crying in Starbucks rn,1,82
RT @AriDrennen: Remember the story about a Starbucks employee writing ‚Äúpig‚Äù on a coffee order for police officers? The employee who did it‚Ä¶,1,83
RT @ohhoe: @TIME People in the replies mad about this are the same type of people who get mad when Starbucks removed Christmas from their c‚Ä¶,1,84
RT @AriDrennen: Remember the story about a Starbucks employee writing ‚Äúpig‚Äù on a coffee order for police officers? The employee who did it‚Ä¶,1,85
"Unlimited coffee! ü•∞ (@ Starbucks in Amsterdam, Noord-Holland) https://t.co/GuudqhkbB9",0,86
"Need a very hot drink here -15c hiking to and from Genghis Khan Square (@ Starbucks in Xilin Gol, Nei Mongol) https://t.co/ErzQIcagtK",0,87
"RT @bombanta: Starbucks putting my tweet in their stores 
https://t.co/bYmJZGKJi0 https://t.co/gk1fg8M06z",0,88
"RT @bombanta: Starbucks putting my tweet in their stores 
https://t.co/bYmJZGKJi0 https://t.co/gk1fg8M06z",0,89
i spend rm30 at starbucks today just for myself. some guy bawa rm20 to starbucks for first date? hm,0,90
"RT @bombanta: Starbucks putting my tweet in their stores 
https://t.co/bYmJZGKJi0 https://t.co/gk1fg8M06z",0,91
#Starbucks uk wankers not enough eggnog around,0,92
I really hope Starbucks corporate is looking into this situation &amp; correcting it now that the truth is out. The wom‚Ä¶ https://t.co/tpjQznoV39,1,93
"I'm at Starbucks in Al Jubayl Industrial City, Ash Sharqiyah https://t.co/eZRx91yJ17",0,94
"RT @argumentwinner: not that anybody ever doubted me, but it turns out i was absolutely right about this and it was a plot to get someone f‚Ä¶",1,95
RT @AriDrennen: Remember the story about a Starbucks employee writing ‚Äúpig‚Äù on a coffee order for police officers? The employee who did it‚Ä¶,1,96
"met in my freshman year, loved his personality but didn‚Äôt say anything lol, starting talking in my sophomore year w‚Ä¶ https://t.co/5VMBb3TL4f",0,97
like it feels UNNECESSARY we also have an actual college institution food place but. we straight up just have a cos‚Ä¶ https://t.co/OfDGurnzaM,1,98
"RT @bombanta: Starbucks putting my tweet in their stores 
https://t.co/bYmJZGKJi0 https://t.co/gk1fg8M06z",0,99
"RT @bombanta: Starbucks putting my tweet in their stores 
https://t.co/bYmJZGKJi0 https://t.co/gk1fg8M06z",0,100
"RT @bombanta: Starbucks putting my tweet in their stores 
https://t.co/bYmJZGKJi0 https://t.co/gk1fg8M06z",0,101
"i feel betrayed, we hate starbucks in this household",1,102
"RT @argumentwinner: not that anybody ever doubted me, but it turns out i was absolutely right about this and it was a plot to get someone f‚Ä¶",1,103
"My opinion?

While I understand the point the poster is trying to make, in reality, giving is giving. I treat mysel‚Ä¶ https://t.co/PlYIQgyrnv",0,104
"RT @bombanta: Starbucks putting my tweet in their stores 
https://t.co/bYmJZGKJi0 https://t.co/gk1fg8M06z",0,105
RT @AriDrennen: Remember the story about a Starbucks employee writing ‚Äúpig‚Äù on a coffee order for police officers? The employee who did it‚Ä¶,1,106
"STARBUCKS 
RESERVE ROASTERY TOKYO

#Starbucks #coffee https://t.co/OywpqfzdrL",0,107
I'm at Starbucks - @rramhkwt https://t.co/awwzKBIlsr,0,108
"RT @AmyyyRosee: Really in need of coffee, someone bring me a Starbucks please and thank you üòçü§§‚òïÔ∏è",0,109
"RT @Ninja: The girls at the Starbucks drive through asked for my name, I said Tyler. Pulled up and saw them talking and smiling and they wr‚Ä¶",1,110
RT @AriDrennen: Remember the story about a Starbucks employee writing ‚Äúpig‚Äù on a coffee order for police officers? The employee who did it‚Ä¶,1,111
"RT @argumentwinner: not that anybody ever doubted me, but it turns out i was absolutely right about this and it was a plot to get someone f‚Ä¶",1,112
"RT @argumentwinner: not that anybody ever doubted me, but it turns out i was absolutely right about this and it was a plot to get someone f‚Ä¶",1,113
"RT @bombanta: Starbucks putting my tweet in their stores 
https://t.co/bYmJZGKJi0 https://t.co/gk1fg8M06z",0,114
"RT @argumentwinner: not that anybody ever doubted me, but it turns out i was absolutely right about this and it was a plot to get someone f‚Ä¶",1,115
Still with starbucks,0,116
RT @MissOMara: someone started one!! https://t.co/DedgkykxDk,0,117
"RT @jeonykook: me: *studying Japanese*
person at Starbucks: ‚Äúoh my gosh is that precalculus? Good luck!‚Äù",0,118
"RT @AdotGif: Thanks for the shout-out on the pod, @Chad_Sowash! IDK how ""legit"" I am, but in addition to the @ForbesCommCncl stuff, I do Di‚Ä¶",0,119
"STARBUCKS 
RESERVE ROASTERY TOKYO

#Starbucks #coffee https://t.co/P8qDNeTn6V",0,120
"RT @argumentwinner: not that anybody ever doubted me, but it turns out i was absolutely right about this and it was a plot to get someone f‚Ä¶",1,121
"RT @bombanta: Starbucks putting my tweet in their stores 
https://t.co/bYmJZGKJi0 https://t.co/gk1fg8M06z",0,122
"RT @bombanta: Starbucks putting my tweet in their stores 
https://t.co/bYmJZGKJi0 https://t.co/gk1fg8M06z",0,123
"RT @bombanta: Starbucks putting my tweet in their stores 
https://t.co/bYmJZGKJi0 https://t.co/gk1fg8M06z",0,124
Ordering my Starbucks from the app as I enter the store is üòÅ. Queue for who,0,125
"RT @argumentwinner: not that anybody ever doubted me, but it turns out i was absolutely right about this and it was a plot to get someone f‚Ä¶",1,126
I‚Äôm convinced Starbucks only make hot chocolate.,0,127
"RT @argumentwinner: not that anybody ever doubted me, but it turns out i was absolutely right about this and it was a plot to get someone f‚Ä¶",1,128
RT @dugglebutt: What I see when I turn around waiting in line at Starbucks https://t.co/URU4z47h7H,0,129
All I‚Äôm asking for is a Starbucks within 3 mins of my house. I‚Äôm a simple woman.,1,130
"RT @bombanta: Starbucks putting my tweet in their stores 
https://t.co/bYmJZGKJi0 https://t.co/gk1fg8M06z",0,131
"RT @bombanta: Starbucks putting my tweet in their stores 
https://t.co/bYmJZGKJi0 https://t.co/gk1fg8M06z",0,132
RT @Indian_paradox: Fucking Privileged kids sitting in Starbucks telling the rural crowd why they are dumb c*nts for voting BJP. Reading In‚Ä¶,1,133
@Kentswingersuk Might get me thrown out of Starbucks!,1,134
"Looking to join Starbucks, MDLZ (@MDLZ), or Martin Brower UK (@MBHires)? View 26 openings from these companies and more.",0,135
based on my friends experiences....Starbucks needs to stop treating their employees like shit.,1,136
@CutieWhales Pas Starbucks juste drama haha https://t.co/2wDdLGQjyY,1,137
"RT @bombanta: Starbucks putting my tweet in their stores 
https://t.co/bYmJZGKJi0 https://t.co/gk1fg8M06z",0,138
"RT @bombanta: Starbucks putting my tweet in their stores 
https://t.co/bYmJZGKJi0 https://t.co/gk1fg8M06z",0,139
"I'm at @Starbucks in Dammam, eastern https://t.co/dLGrfM6vpO",0,140
RT @AriDrennen: Remember the story about a Starbucks employee writing ‚Äúpig‚Äù on a coffee order for police officers? The employee who did it‚Ä¶,1,141
Did you know that #Starbucks is now open at The Pavilion? Great news for Westville shoppers who need to refuel this‚Ä¶ https://t.co/R5ulTHATFi,0,142
"RT @SilentAdmirer_8: Hey guys, if you happen to go on a roadtrip in Tagaytay and you are looking for a coffee shop, try to visit Dreamland‚Ä¶",0,143
"RT @bombanta: Starbucks putting my tweet in their stores 
https://t.co/bYmJZGKJi0 https://t.co/gk1fg8M06z",0,144
RT @AriDrennen: Remember the story about a Starbucks employee writing ‚Äúpig‚Äù on a coffee order for police officers? The employee who did it‚Ä¶,1,145
"RT @RachieBabe079: Tried this coffee at nfr in vegas last week. DELICIOUS!

Veteran-owned coffee company donates to Oklahoma police bashed‚Ä¶",1,146
2 more drinks to get the Starbucks Planner üí™üèª,0,147
"Had a can of StarBucks coffee in my backpack a month ago at work. Set it harder than I thought on a desk, the can s‚Ä¶ https://t.co/UB1MEq6QNE",0,148
It‚Äôs only 9:45 and all these coughing office fucks are already here at Starbucks not letting me concentrate on work üò≠,1,149
"RT @argumentwinner: not that anybody ever doubted me, but it turns out i was absolutely right about this and it was a plot to get someone f‚Ä¶",1,150
"RT @softendear: a fan told ten to eat fruits yesterday, ten said he doesn't want too but instead he's drinking fruit juices from starbucks‚Ä¶",0,151
@kawisabee @timneroz @argumentwinner https://t.co/m4XWjIH7Iq in this story,0,152
"RT @argumentwinner: not that anybody ever doubted me, but it turns out i was absolutely right about this and it was a plot to get someone f‚Ä¶",1,153
"Looking for Part Time work?

We have a vacancy with @Aramark on our Starbucks Counter in the Atrium! 

Interested?‚Ä¶ https://t.co/VUYw1WGNCR",0,154
"RT @bombanta: Starbucks putting my tweet in their stores 
https://t.co/bYmJZGKJi0 https://t.co/gk1fg8M06z",0,155
"RT @bombanta: Starbucks putting my tweet in their stores 
https://t.co/bYmJZGKJi0 https://t.co/gk1fg8M06z",0,156
"RT @bombanta: Starbucks putting my tweet in their stores 
https://t.co/bYmJZGKJi0 https://t.co/gk1fg8M06z",0,157
"RT @theblackdetour: Black Couple Purchased North Carolina Retail Strip Center¬†That Holds Starbucks and Buffalo Wild Wings 

https://t.co/L4‚Ä¶",1,158
RT @AriDrennen: Remember the story about a Starbucks employee writing ‚Äúpig‚Äù on a coffee order for police officers? The employee who did it‚Ä¶,1,159
Starbucks marketing team is shaking üòÇ,1,160
RT @awjiminie: yoongi is literally The Caffeinated College Gay‚Ñ¢Ô∏è that is always running late to class but somehow has enough time to pick u‚Ä¶,1,161
"RT @bombanta: Starbucks putting my tweet in their stores 
https://t.co/bYmJZGKJi0 https://t.co/gk1fg8M06z",0,162
"RT @bombanta: Starbucks putting my tweet in their stores 
https://t.co/bYmJZGKJi0 https://t.co/gk1fg8M06z",0,163
RT @AriDrennen: Remember the story about a Starbucks employee writing ‚Äúpig‚Äù on a coffee order for police officers? The employee who did it‚Ä¶,1,164
@ruvbyjane starbucks sayang,0,165
RT @MuellerDad69: I‚Äôm the manager of a Starbucks in Charlotte NC. I have informed my employees that they will be fired on the spot if I hea‚Ä¶,1,166
"RT @RachieBabe079: Tried this coffee at nfr in vegas last week. DELICIOUS!

Veteran-owned coffee company donates to Oklahoma police bashed‚Ä¶",0,167
"I may blow up the world, I may not. Depending on what mood I am and how long I have to wait for Starbucks https://t.co/9HSUDZeq4c",1,168
"RT @RNTata2000: The crowd of people on launch day showed that it wasn‚Äôt just about the coffee, but also about relationships. Wishing @Starb‚Ä¶",0,169
"I'm at Starbucks in Kuwait, Hawalli Governorate https://t.co/XOvKMVxmLr",0,170
"RT @bombanta: Starbucks putting my tweet in their stores 
https://t.co/bYmJZGKJi0 https://t.co/gk1fg8M06z",0,171
"RT @argumentwinner: not that anybody ever doubted me, but it turns out i was absolutely right about this and it was a plot to get someone f‚Ä¶",1,172
@ starbucks   contrata,0,173
RT @argumentwinner: starbucks has a profanity filter in place to prevent things like this from happening. the only way for the name ‚Äúpig‚Äù t‚Ä¶,1,174
Check out what I just added to my closet on Poshmark: Starbucks Holiday Platinum Studded Tumbler.‚Ä¶ https://t.co/s4Z07Zbymi,0,175
"RT @bombanta: Starbucks putting my tweet in their stores 
https://t.co/bYmJZGKJi0 https://t.co/gk1fg8M06z",0,176
RT @AriDrennen: Remember the story about a Starbucks employee writing ‚Äúpig‚Äù on a coffee order for police officers? The employee who did it‚Ä¶,1,177
@HeatherEllayes EVERYTHING FOR STARBUCKS,0,178
Check out what I just added to my closet on Poshmark: Starbucks Holiday Pink Studded Tumbler.‚Ä¶ https://t.co/IXIkZwseQF,0,179
"lowkey want a job at starbucks, i know this is the most random thing ever but i miss making coffee",1,180
"RT @chadfelixg: *who wrote ""PIG"" on the police officer's coffee cups and also her being trans was 100% irrelevant. üôÑ https://t.co/m0zhz5aGFq",1,181
RT @AriDrennen: Remember the story about a Starbucks employee writing ‚Äúpig‚Äù on a coffee order for police officers? The employee who did it‚Ä¶,1,182
"RT @Ninja: The girls at the Starbucks drive through asked for my name, I said Tyler. Pulled up and saw them talking and smiling and they wr‚Ä¶",1,183
RT @AriDrennen: Remember the story about a Starbucks employee writing ‚Äúpig‚Äù on a coffee order for police officers? The employee who did it‚Ä¶,1,184
RT @AriDrennen: Remember the story about a Starbucks employee writing ‚Äúpig‚Äù on a coffee order for police officers? The employee who did it‚Ä¶,1,185
"RT @argumentwinner: not that anybody ever doubted me, but it turns out i was absolutely right about this and it was a plot to get someone f‚Ä¶",1,186
I'm at Starbucks in ÿßŸÑÿ±Ÿäÿßÿ∂ https://t.co/Vilfluc8l1,0,187
"RT @bombanta: Starbucks putting my tweet in their stores 
https://t.co/bYmJZGKJi0 https://t.co/gk1fg8M06z",0,188
"RT @bombanta: Starbucks putting my tweet in their stores 
https://t.co/bYmJZGKJi0 https://t.co/gk1fg8M06z",0,189
"RT @bombanta: Starbucks putting my tweet in their stores 
https://t.co/bYmJZGKJi0 https://t.co/gk1fg8M06z",0,190
"this is a bit old but somehow I just came across it and recommend it for a coffee-break-read: https://t.co/MVV2xc1GTF
#Election2020",1,191
"RT @bombanta: Starbucks putting my tweet in their stores 
https://t.co/bYmJZGKJi0 https://t.co/gk1fg8M06z",0,192
"@IDONTLIKECARS1 ""don't apologize, kid, it's okay."" 

he looked around. they weren't too far from the starbucks, he‚Ä¶ https://t.co/9y5AaZEGpm",1,193
RT @Iasshoe: white girls @ starbucks b like : lemme get uh https://t.co/Jz2QtmpImG,1,194
"Been drinking this coffee for a couple years. Custom roasted to your tastes. They support  2A rights 
If you buy fr‚Ä¶ https://t.co/dUcfXbvnOa",0,195
RT @AriDrennen: Remember the story about a Starbucks employee writing ‚Äúpig‚Äù on a coffee order for police officers? The employee who did it‚Ä¶,1,196
"RT @bombanta: Starbucks putting my tweet in their stores 
https://t.co/bYmJZGKJi0 https://t.co/gk1fg8M06z",0,197
RT @AriDrennen: Remember the story about a Starbucks employee writing ‚Äúpig‚Äù on a coffee order for police officers? The employee who did it‚Ä¶,1,198
"RT @jarznar: Hey if your name is Ashley and you‚Äôre dating a guy named David (tall, built, white) he‚Äôs talking mad shit about you in front o‚Ä¶",1,199
RT @AriDrennen: Remember the story about a Starbucks employee writing ‚Äúpig‚Äù on a coffee order for police officers? The employee who did it‚Ä¶,1,200
RT @AriDrennen: Remember the story about a Starbucks employee writing ‚Äúpig‚Äù on a coffee order for police officers? The employee who did it‚Ä¶,1,201
"RT @bombanta: Starbucks putting my tweet in their stores 
https://t.co/bYmJZGKJi0 https://t.co/gk1fg8M06z",0,202
"RT @bombanta: Starbucks putting my tweet in their stores 
https://t.co/bYmJZGKJi0 https://t.co/gk1fg8M06z",0,203
"RT @bombanta: Starbucks putting my tweet in their stores 
https://t.co/bYmJZGKJi0 https://t.co/gk1fg8M06z",0,204
"RT @argumentwinner: not that anybody ever doubted me, but it turns out i was absolutely right about this and it was a plot to get someone f‚Ä¶",1,205
RT @MuellerDad69: I‚Äôm the manager of a Starbucks in Charlotte NC. I have informed my employees that they will be fired on the spot if I hea‚Ä¶,1,206
me happily holding my cup of overpriced starbucks coffee https://t.co/wRFnEnnchS,1,207
RT @Iasshoe: white girls @ starbucks b like : lemme get uh https://t.co/Jz2QtmpImG,1,208
"RT @bombanta: Starbucks putting my tweet in their stores 
https://t.co/bYmJZGKJi0 https://t.co/gk1fg8M06z",0,209
"RT @bombanta: Starbucks putting my tweet in their stores 
https://t.co/bYmJZGKJi0 https://t.co/gk1fg8M06z",0,210
RT @AriDrennen: Remember the story about a Starbucks employee writing ‚Äúpig‚Äù on a coffee order for police officers? The employee who did it‚Ä¶,1,211
"RT @bombanta: Starbucks putting my tweet in their stores 
https://t.co/bYmJZGKJi0 https://t.co/gk1fg8M06z",0,212
"RT @bombanta: Starbucks putting my tweet in their stores 
https://t.co/bYmJZGKJi0 https://t.co/gk1fg8M06z",0,213
"RT @argumentwinner: not that anybody ever doubted me, but it turns out i was absolutely right about this and it was a plot to get someone f‚Ä¶",1,214
RT @MuellerDad69: I‚Äôm the manager of a Starbucks in Charlotte NC. I have informed my employees that they will be fired on the spot if I hea‚Ä¶,1,215
"I worked at Starbucks for a week, I couldn‚Äôt handle customers being assholes over their coffee being 10 degrees too‚Ä¶ https://t.co/CuC5YdLZ33",1,216
Wow ü§© https://t.co/7wUvbKNsWo,0,217
RT @Iasshoe: white girls @ starbucks b like : lemme get uh https://t.co/Jz2QtmpImG,1,218
@AtlanticCityKid @MuellerDad69 @Starbucks Certainly,0,219
"RT @Ninja: The girls at the Starbucks drive through asked for my name, I said Tyler. Pulled up and saw them talking and smiling and they wr‚Ä¶",1,220
"RT @bombanta: Starbucks putting my tweet in their stores 
https://t.co/bYmJZGKJi0 https://t.co/gk1fg8M06z",0,221
"#StarbucksRule #12: #Starbucks = #StealYourBucks

#badservice #badcustomerservice #scam #ripoff‚Ä¶ https://t.co/5WlpoxPunC",1,222
"RT @bombanta: Starbucks putting my tweet in their stores 
https://t.co/bYmJZGKJi0 https://t.co/gk1fg8M06z",0,223
RT @awjiminie: yoongi is literally The Caffeinated College Gay‚Ñ¢Ô∏è that is always running late to class but somehow has enough time to pick u‚Ä¶,1,224
"I'm at @Starbucks in Kuwait City, Al Asimah https://t.co/wR1WONKQIf",0,225
This #Retail job might be a great fit for you. Click the link in our bio to see it and more. barista - Store# 11719‚Ä¶ https://t.co/8j88j1jLln,0,226
"@VreeburgDaan @wazua It was inevitable as we have been replacing coffee bushes with palacial homes, apartments and‚Ä¶ https://t.co/vID2TgrTPz",0,227
"RT @sed_potato: Things you can't see in Pakistan
- Starbucks
- Instagram music
- Spotify
- People minding their own business",0,228
"@ starbucks cashier boy, yre cute but pls don't stare at me it creeps me out",1,229
RT @AriDrennen: Remember the story about a Starbucks employee writing ‚Äúpig‚Äù on a coffee order for police officers? The employee who did it‚Ä¶,1,230
Going on a trip? Want to have a statement towel/blanket? Want a cute transparent bag? We've heard you. This kit is‚Ä¶ https://t.co/zkx72g3uD9,0,231
RT @AriDrennen: Remember the story about a Starbucks employee writing ‚Äúpig‚Äù on a coffee order for police officers? The employee who did it‚Ä¶,1,232
I want Starbucks ):,0,233
"RT @bombanta: Starbucks putting my tweet in their stores 
https://t.co/bYmJZGKJi0 https://t.co/gk1fg8M06z",0,234
"This thread let me know conservatives think they know the constitution, but actually don‚Äôt know how it‚Äôs applied",1,235
"RT @bombanta: Starbucks putting my tweet in their stores 
https://t.co/bYmJZGKJi0 https://t.co/gk1fg8M06z",0,236
RT @_steephz: I want Starbucks ):,0,237
"RT @bombanta: Starbucks putting my tweet in their stores 
https://t.co/bYmJZGKJi0 https://t.co/gk1fg8M06z",0,238
@danofthewibble There was a great local coffee shop in Central Station.  Starbucks and Cafe Nero close by but not t‚Ä¶ https://t.co/4dyCr6vyWK,0,239
RT @AriDrennen: Remember the story about a Starbucks employee writing ‚Äúpig‚Äù on a coffee order for police officers? The employee who did it‚Ä¶,1,240
"Welp. Apparently, I got 12 stars in my Starbucks card and I was able to avail a Dark Mocha Frapp. #MBNüôÇ",1,241
"RT @RachieBabe079: Tried this coffee at nfr in vegas last week. DELICIOUS!

Veteran-owned coffee company donates to Oklahoma police bashed‚Ä¶",0,242
"RT @bombanta: Starbucks putting my tweet in their stores 
https://t.co/bYmJZGKJi0 https://t.co/gk1fg8M06z",0,243
Management and Shareholders of Starbucks: Starbucks to stop giving franchise to Hong Kong Maxim‚Äôs group. ËÅØÁΩ≤Ë¶ÅÊ±ÇStarbu‚Ä¶ https://t.co/PofNccGelz,1,244
"RT @DarkSoulsSauron: yo, ex barista here: to circumnavigate the profanity filters on starbucks POS, you'd need to make PIG your account nam‚Ä¶",1,245
"RT @bombanta: Starbucks putting my tweet in their stores 
https://t.co/bYmJZGKJi0 https://t.co/gk1fg8M06z",0,246
"RT @argumentwinner: not that anybody ever doubted me, but it turns out i was absolutely right about this and it was a plot to get someone f‚Ä¶",1,247
"RT @bombanta: Starbucks putting my tweet in their stores 
https://t.co/bYmJZGKJi0 https://t.co/gk1fg8M06z",0,248
RT @AriDrennen: Remember the story about a Starbucks employee writing ‚Äúpig‚Äù on a coffee order for police officers? The employee who did it‚Ä¶,1,249
"I'm at Starbucks in Al Jahra, Al Jahrah https://t.co/bl2v8pfacJ",0,250
Bila Starbucks malaysia nak buat pick up option from the apps and tunjuk calorie for each drinks hehehhehe....,0,251
"RT @argumentwinner: not that anybody ever doubted me, but it turns out i was absolutely right about this and it was a plot to get someone f‚Ä¶",1,252
"Person: It's the festive season, I really fancy a mince pie, going Starbucks Coffee for one later and I am going to‚Ä¶ https://t.co/KU4cVwHQiA",0,253
"RT @argumentwinner: not that anybody ever doubted me, but it turns out i was absolutely right about this and it was a plot to get someone f‚Ä¶",1,254
RT @KVUE: Starbucks to open two locations at Austin airport https://t.co/8rBebE37G8,0,255
"I'm at Starbucks in Al Kuwayt, Al Farwaniyah https://t.co/QD2KQLwMrU https://t.co/lWSQfZdKfD",0,256
RT @AriDrennen: Remember the story about a Starbucks employee writing ‚Äúpig‚Äù on a coffee order for police officers? The employee who did it‚Ä¶,1,257
"I'm at Starbucks in ‰∫¨ÈÉΩÂ∏Ç, ‰∫¨ÈÉΩÂ∫ú https://t.co/XKLmlOo9kv",0,258
"RT @RVAwonk: So, regarding the faux controversy over the Starbucks cup: The employee who wrote ‚Äúpig‚Äù on the cop‚Äôs cup was friends with the‚Ä¶",1,259
"RT @bombanta: Starbucks putting my tweet in their stores 
https://t.co/bYmJZGKJi0 https://t.co/gk1fg8M06z",0,260
"Click the link in our bio to see currently open #IT jobs like ""senior business systems analyst"" at Starbucks in England.",0,261
RT @sistahoppet: emm√®ne l√† au starbucks https://t.co/EP1Trh8LAo,0,262
"I'm finally in the airport through security- now it's time for the usual Starbucks and ham and cheese croissant! 
#DublinAirport #OnMeJollys",0,263
RT @Bigpikachu1: @argumentwinner Why can no one fucking Google things https://t.co/InvwWczWBH,0,264
anw i cant wait to have a breakdown in starbucks lmao ü•¥ü§ôüèº,0,265
"I'm at Starbucks in Al Kuwayt, Al Farwaniyah https://t.co/Oov363IsGQ",0,266
RT @garvageart: Why are you putting a metal straw into a plastic Starbucks cup Megan?,0,267
"RT @bombanta: Starbucks putting my tweet in their stores 
https://t.co/bYmJZGKJi0 https://t.co/gk1fg8M06z",0,268
"RT @argumentwinner: not that anybody ever doubted me, but it turns out i was absolutely right about this and it was a plot to get someone f‚Ä¶",1,269
"RT @argumentwinner: not that anybody ever doubted me, but it turns out i was absolutely right about this and it was a plot to get someone f‚Ä¶",1,270
"RT @Ninja: The girls at the Starbucks drive through asked for my name, I said Tyler. Pulled up and saw them talking and smiling and they wr‚Ä¶",1,271
"RT @argumentwinner: not that anybody ever doubted me, but it turns out i was absolutely right about this and it was a plot to get someone f‚Ä¶",1,272
"RT @bombanta: Starbucks putting my tweet in their stores 
https://t.co/bYmJZGKJi0 https://t.co/gk1fg8M06z",0,273
Check out DISNEY Parks EPCOT 3rd Version STARBUCKS You are Here MUG - NEW IN BOX https://t.co/SvyFHOjixx @eBay,0,274